Africa 	 7.1881 , 21.0938 	 1.0 , 17.0
Akron 	 41.0814 , -81.519 	 41.073055555556 , -81.517777777778
Akuressa 	 6.09639 , 80.4808 	 6.09638889 , 80.48083333
Alabama 	 32.7504 , -86.7503 	 32.7 , -86.7
Alachua County 	 29.7086 , -82.3332 	 29.683333333333 , -82.366666666667
Alameda County 	 37.5999 , -121.884 	 37.65 , -121.91
Alaska 	 64.0003 , -150 	 64.0 , -150.0
Albany 	 31.5785 , -84.1557 	 31.582222222222 , -84.165555555556
Albany 	 42.6526 , -73.7562 	 42.65 , -73.766666666667
Albany 	 45.63 , -94.57 	 45.63194444 , -94.57
Albuquerque 	 35.0845 , -106.651 	 35.116666666667 , -106.61666666667
Aleutian Islands 	 52.0969 , -173.501 	 52.0 , -174.0
Alexandria 	 31.1981 , 29.9192 	 31.2 , 29.916666666667
Alexandria 	 31.3113 , -92.4451 	 31.2928 , -92.4592
Alexandria 	 38.8048 , -77.0469 	 38.804722222222 , -77.047222222222
Alexandria 	 45.8852 , -95.3775 	 45.885233333333 , -95.377222222222
Allegheny County 	 40.6253 , -80.1251 	 40.47 , -79.98
Alliance 	 42.1016 , -102.872 	 42.101388888889 , -102.87027777778
Allston 	 42.3584 , -71.1259 	 42.3529 , -71.1321
Alton 	 38.8906 , -90.1843 	 38.90028 , -90.15972
Alton 	 43.4523 , -71.2176 	 43.454166666667 , -71.219722222222
Amherst 	 42.3804 , -72.5231 	 42.366667 , -72.516667
Anderson 	 34.5034 , -82.6501 	 34.5049 , -82.6524
Anderson County 	 31.8168 , -95.6669 	 31.81 , -95.65
Anderson County 	 38.2 , -95.2836 	 38.2 , -95.2833
Ann Arbor 	 42.2776 , -83.7409 	 42.28138889 , -83.74833333
Antelope County 	 42.1667 , -98.067 	 42.18 , -98.07
Arizona 	 34.5003 , -111.501 	 34.286667 , -111.656944
Arkansas 	 34.7504 , -92.5004 	 34.8 , -92.2
Arlington 	 32.7357 , -97.1081 	 32.705033 , -97.122839
Ashland 	 40.8687 , -82.3182 	 40.866944444444 , -82.315277777778
Atalissa 	 41.5711 , -91.166 	 41.571666666667 , -91.166666666667
Athens 	 32.2049 , -95.8555 	 32.2028 , -95.8492
Athens 	 33.9609 , -83.3779 	 33.955277777778 , -83.383055555556
Athens 	 35.4429 , -84.593 	 35.448171 , -84.602069
Athens 	 39.3292 , -82.1013 	 39.329166666667 , -82.101111111111
Atlanta 	 33.749 , -84.388 	 33.756944444444 , -84.390277777778
Atlanta 	 37.2326 , -84.0494 	 37.2325 , -84.0494
Atlantic Beach 	 33.8027 , -78.7164 	 33.80267 , -78.71641
Atlas Mountains 	 32 , -2 	 31.0 , -8.0
Augusta 	 33.471 , -81.9748 	 33.47 , -81.975
Avnevi 	 42.1917 , 43.8747 	 42.192222222222 , 43.876388888889
Avondale Estates 	 33.7715 , -84.2671 	 33.7708 , -84.265
Avoyelles Parish 	 31.0669 , -91.9668 	 31.07 , -92.0
Baghdad 	 33.3386 , 44.3939 	 33.35 , 44.416666666667
Baker County 	 30.3336 , -82.2915 	 30.32 , -82.27
Baltimore 	 42.7353 , -76.1258 	 39.286388888889 , -76.615
Banbridge 	 54.35 , -6.28333 	 54.343 , -6.26
Banbury 	 52.05 , -1.33333 	 52.061388888889 , -1.3391666666667
Bantam 	 41.7245 , -73.2362 	 41.724444444444 , -73.236111111111
Barrow County 	 33.9834 , -83.7166 	 33.99 , -83.71
Batesburg-Leesville 	 33.9101 , -81.5373 	 33.91014 , -81.53733
Bath County 	 38.0668 , -79.7331 	 38.06 , -79.74
Battle Creek 	 41.9995 , -97.5984 	 41.999166666667 , -97.598888888889
Beachwood 	 41.4645 , -81.5087 	 41.4822 , -81.5039
Beaumont 	 30.086 , -94.1018 	 30.08 , -94.126666666667
Becker County 	 46.95 , -95.6836 	 46.93 , -95.67
Beirut 	 33.8719 , 35.5097 	 33.886944444444 , 35.513055555556
Belchertown 	 42.277 , -72.4009 	 42.27704 , -72.40092
Belgrade 	 45.453 , -95.0045 	 45.451388888889 , -95.003333333333
Belle Plaine 	 44.6227 , -93.7686 	 44.62274 , -93.76857
Bensenville 	 41.955 , -87.9401 	 41.9581 , -87.9458
Benton County 	 36.0834 , -88.0834 	 36.07 , -88.07
Berea 	 37.5687 , -84.2963 	 37.5769 , -84.2936
Berkeley County 	 33.1835 , -79.9498 	 33.2 , -79.95
Berkeley County 	 39.4501 , -78.0331 	 39.47 , -78.03
Berlin 	 41.6215 , -72.7457 	 41.613888888889 , -72.7725
Bethel 	 43.8334 , -72.634 	 43.8334 , -72.63399
Bethel Park 	 40.3276 , -80.0395 	 40.32757 , -80.0395
Bicester 	 51.9 , -1.15 	 51.9 , -1.15
Bismarck 	 46.8083 , -100.784 	 46.813333333333 , -100.77888888889
Black Sea 	 43 , 35 	 44.0 , 35.0
Bloomfield 	 41.8265 , -72.7301 	 41.85 , -72.733333333333
Bloomfield 	 42.5989 , -97.6456 	 42.5975 , -97.646666666667
Bluefield 	 37.2698 , -81.2223 	 37.262222222222 , -81.218611111111
Blue Springs 	 39.017 , -94.2816 	 39.017777777778 , -94.274444444444
Bolingbrook 	 41.6986 , -88.0684 	 41.6986 , -88.0886
Boone County 	 40.0484 , -86.4692 	 40.05 , -86.47
Boscawen 	 43.3151 , -71.6209 	 43.31508 , -71.62091
Boston 	 42.3584 , -71.0598 	 42.357777777778 , -71.061666666667
Boston Harbor 	 42.3418 , -70.9662 	 42.341666666667 , -70.966111111111
Boulder City 	 35.9786 , -114.832 	 35.978611111111 , -114.8325
Bowling Green 	 41.3748 , -83.6513 	 41.373888888889 , -83.650833333333
Bozeman 	 45.6797 , -111.039 	 45.677777777778 , -111.04722222222
Bradford Woods 	 40.6376 , -80.0817 	 40.63757 , -80.08172
Brampton 	 43.6834 , -79.7663 	 43.683333333333 , -79.766666666667
Branchville 	 38.1637 , -86.5797 	 38.1636 , -86.5797
Brandon 	 45.9652 , -95.5987 	 45.965277777778 , -95.598611111111
Braxton County 	 38.7168 , -80.6998 	 38.7 , -80.73
Brentford 	 51.5 , -0.316667 	 51.4861 , -0.3101
Bridgeport 	 41.167 , -73.2048 	 41.183333333333 , -73.2
British Columbia 	 53.9998 , -125.003 	 54.5 , -124.5
Brownsboro 	 32.3024 , -95.6136 	 32.3008 , -95.615
Brownstown 	 38.8789 , -86.0419 	 38.87894 , -86.04192
Brussels 	 50.8466 , 4.35277 	 50.85 , 4.35
Buford 	 34.1207 , -84.0043 	 34.116944444444 , -83.998611111111
Burlington 	 41.7693 , -72.9645 	 41.758611111111 , -72.957777777778
Butler County 	 39.4501 , -84.5666 	 39.44 , -84.58
Butte 	 46.0038 , -112.535 	 46.006388888889 , -112.52972222222
Byesville 	 39.9698 , -81.5365 	 39.9689 , -81.5411
Cabell County 	 38.4334 , -82.2499 	 38.42 , -82.24
Caddo 	 34.1268 , -96.2633 	 34.12676 , -96.26332
Cairo 	 30.05 , 31.25 	 30.056111111111 , 31.239444444444
Calais 	 50.95 , 1.83333 	 50.9475 , 1.8555555555556
Calgary 	 51.0501 , -114.085 	 51.05 , -114.06666666667
California 	 37.2502 , -119.751 	 37.0 , -120.0
Callahan County 	 32.3001 , -99.367 	 32.29 , -99.37
Callisburg 	 33.6979 , -97.0089 	 33.7003 , -97.0139
Camarillo 	 34.2164 , -119.038 	 34.225555555556 , -119.03222222222
Cambridge 	 40.0312 , -81.5885 	 40.025 , -81.586666666667
Cambridge 	 52.2 , 0.116667 	 52.208055555556 , 0.1225
Cambridge City 	 39.8125 , -85.1716 	 39.81255 , -85.17163
Camden County 	 30.9502 , -81.6665 	 30.92 , -81.64
Canaan 	 42.0273 , -73.3293 	 41.9617 , -73.3083
Canaan Valley 	 39.1348 , -79.4045 	 39.126666666667 , -79.378055555556
Canada 	 60 , -96 	 56.0 , -109.0
Canal Winchester 	 39.8428 , -82.8046 	 39.8461 , -82.8117
Cannon County 	 35.8001 , -86.05 	 35.81 , -86.06
Canton 	 40.7989 , -81.3784 	 40.79895 , -81.37845
Caribbean Sea 	 15 , -75 	 17.67694 , -64.84694
Carroll County 	 35.9667 , -88.4667 	 35.98 , -88.45
Carthage 	 35.346 , -79.417 	 35.34599 , -79.41697
Cass County 	 38.65 , -94.3669 	 38.65 , -94.35
Catawba River 	 34.4668 , -80.889 	 34.466944444444 , -80.888888888889
Caucasus Mountains 	 42.5 , 45 	 42.5 , 45.0
Cedar County 	 42.6 , -97.267 	 42.6 , -97.25
Cedar Grove 	 38.2212 , -81.4279 	 38.221111111111 , -81.427777777778
Centerville 	 39.8178 , -84.9964 	 39.81782 , -84.99635
Champaign 	 40.1164 , -88.2434 	 40.112777777778 , -88.261111111111
Champaign County 	 40.1334 , -83.7666 	 40.14 , -83.77
Chapin 	 34.166 , -81.3498 	 34.165833333333 , -81.347222222222
Charles City 	 37.3435 , -77.073 	 37.3436 , -77.0731
Charles City County 	 37.3668 , -77.0664 	 37.35 , -77.06
Charleston 	 32.7766 , -79.9309 	 32.776111111111 , -79.9325
Charleston 	 38.3498 , -81.6326 	 38.347222222222 , -81.633333333333
Charleston 	 39.4961 , -88.1762 	 39.4886 , -88.1789
Charleston County 	 32.7668 , -79.9665 	 32.82 , -79.9
Charlotte 	 35.2271 , -80.8431 	 35.226944444444 , -80.843333333333
Charlotte 	 40.8198 , -88.2889 	 40.8197 , -88.2889
Charlton County 	 30.8336 , -82.1332 	 30.78 , -82.14
Chattahoochee River 	 30.7088 , -84.8638 	 30.778786 , -84.918101
Chattanooga 	 35.0456 , -85.3097 	 35.045555555556 , -85.267222222222
Cherokee County 	 31.8502 , -95.2002 	 31.84 , -95.17
Cherry County 	 42.55 , -101.1 	 42.54 , -101.12
Cherry Hinton 	 52.1833 , 0.183333 	 52.1849 , 0.176
Chestatee River 	 34.287 , -83.9246 	 34.28704 , -83.92463
Chesterfield County 	 37.3835 , -77.5997 	 37.38 , -77.59
Chesterland 	 41.5223 , -81.3379 	 41.5228 , -81.3372
Chicacao 	 14.5333 , -91.3167 	 14.5428456 , -91.3288471
Chicago 	 41.85 , -87.6501 	 41.881944444444 , -87.627777777778
Chicopee 	 42.1726 , -72.5949 	 42.148611111111 , -72.608333333333
Chiefland 	 29.475 , -82.8598 	 29.481666666667 , -82.862222222222
Chisholm 	 47.4891 , -92.8838 	 47.489166666667 , -92.883888888889
Chowchilla 	 37.123 , -120.26 	 37.116666666667 , -120.26666666667
Cincinnati 	 39.162 , -84.4569 	 39.133333333333 , -84.5
Clark County 	 36.0003 , -114.876 	 36.2 , -115.02
Clark County 	 37.9834 , -84.2666 	 37.97 , -84.15
Clark County 	 39.9167 , -83.7666 	 39.92 , -83.78
Clarke County 	 33.9501 , -83.3832 	 33.955464 , -83.383245
Clay County 	 37.1668 , -83.7505 	 37.16 , -83.71
Clay County 	 46.8833 , -96.4837 	 46.9 , -96.49
Clayton County 	 33.5334 , -84.3666 	 33.54 , -84.36
Cleveland 	 41.4995 , -81.6954 	 41.482222222222 , -81.669722222222
Clinton 	 40.6368 , -74.9099 	 40.6368 , -74.9152
Clinton 	 41.2787 , -72.5276 	 41.27871 , -72.52759
Clinton County 	 40.2795 , -86.5108 	 40.3 , -86.48
Cockerham 	 53.95 , -2.81667 	 53.966066666667 , -2.8148388888889
Coleridge 	 42.5061 , -97.2037 	 42.505555555556 , -97.204444444444
Coles County 	 39.55 , -88.2334 	 39.51 , -88.22
Colfax County 	 41.5667 , -97.0836 	 41.58 , -97.09
Colleyville 	 32.881 , -97.155 	 32.885 , -97.149166666667
Colombo 	 6.93194 , 79.8478 	 6.9166666666667 , 79.833333333333
Colorado 	 39.0003 , -105.501 	 39.0 , -105.5
Columbia 	 34.0007 , -81.0348 	 34.000555555556 , -81.044166666667
Columbia 	 35.6151 , -87.0353 	 35.615022 , -87.044464
Columbia County 	 33.5501 , -82.2504 	 33.55 , -82.26
Columbus 	 32.461 , -84.9877 	 32.492222222222 , -84.940277777778
Columbus 	 39.2014 , -85.9214 	 39.213998 , -85.911056
Columbus 	 39.9612 , -82.9988 	 39.983333333333 , -82.983333333333
Columbus 	 41.4297 , -97.3684 	 41.432777777778 , -97.358611111111
Concord 	 37.978 , -122.031 	 37.978055555556 , -122.03111111111
Concord 	 43.2081 , -71.5376 	 43.206666666667 , -71.538055555556
Connecticut 	 41.667 , -72.6665 	 41.6 , -72.7
Cook 	 47.8524 , -92.6896 	 47.8525 , -92.689722222222
Cooke County 	 33.6334 , -97.217 	 33.633333333333 , -97.216666666667
Cookeville 	 36.1628 , -85.5016 	 36.164202 , -85.504295
Cookville 	 33.1857 , -94.8544 	 33.185555555556 , -94.854444444444
Coral Gables 	 25.7215 , -80.2684 	 25.75 , -80.271111111111
Cornwall 	 41.8437 , -73.3293 	 41.845277777778 , -73.331388888889
Corsicana 	 32.0954 , -96.4689 	 32.0925 , -96.469444444444
Cottonport 	 30.9841 , -92.0535 	 30.98408 , -92.05346
County Limerick 	 52.5 , -8.75 	 52.5 , -8.75
Court Square 	 42.1023 , -72.5879 	 42.100556 , -72.589444
Covington 	 39.0837 , -84.5086 	 39.065 , -84.509722222222
Crafton 	 40.4351 , -80.0662 	 40.43507 , -80.06617
Crestwood 	 41.6611 , -87.7525 	 41.645277777778 , -87.743611111111
Crockett 	 31.3182 , -95.4566 	 31.3169 , -95.4583
Cromwell 	 41.5951 , -72.6454 	 41.5951 , -72.64537
Cross City 	 29.6344 , -83.1251 	 29.63465 , -83.12694
Cross Lanes 	 38.4204 , -81.7907 	 38.429166666667 , -81.775833333333
Cumberland Falls 	 36.839 , -84.3452 	 36.83801 , -84.34444
Cuyahoga Falls 	 41.1339 , -81.4846 	 41.145555555556 , -81.496666666667
Dakota County 	 42.4 , -96.567 	 42.39 , -96.56
Dallas 	 32.7831 , -96.8067 	 32.779166666667 , -96.808888888889
Damascus 	 33.5 , 36.3 	 33.513055555556 , 36.291944444444
Danbury 	 41.3948 , -73.454 	 41.402222222222 , -73.471111111111
Danielsville 	 34.1243 , -83.2213 	 34.1242 , -83.2164
Darke County 	 40.1334 , -84.6166 	 40.13 , -84.62
Dawson County 	 40.8667 , -99.8171 	 40.87 , -99.81
Dayton 	 39.7589 , -84.1916 	 39.766666666667 , -84.2
Daytona Beach 	 29.2108 , -81.0228 	 29.207222222222 , -81.037777777778
Decatur 	 33.7748 , -84.2963 	 33.7714 , -84.2978
Decatur 	 35.5148 , -84.7902 	 35.51479 , -84.79022
Decatur 	 39.8403 , -88.9548 	 39.851666666667 , -88.944166666667
DeKalb 	 41.9295 , -88.7504 	 41.931388888889 , -88.750277777778
DeKalb County 	 33.7504 , -84.2333 	 33.77 , -84.23
DeKalb County 	 41.9167 , -88.7504 	 41.89 , -88.77
Delano 	 45.0419 , -93.7891 	 45.04111111 , -93.78583333
Delaware Bay 	 39.0501 , -75.1496 	 39.066666666667 , -75.166666666667
Delta 	 49.083 , -123.086 	 49.12 , -122.99
Denison 	 42.0178 , -95.3553 	 42.017222222222 , -95.351111111111
Denver 	 39.7392 , -104.985 	 39.73915 , -104.9847
Des Moines 	 41.6005 , -93.6091 	 41.590833333333 , -93.620833333333
Des Plaines 	 42.0334 , -87.8834 	 42.033888888889 , -87.899722222222
Dodge City 	 37.7528 , -100.017 	 37.759722222222 , -100.01833333333
Douglas County 	 38.8667 , -95.2336 	 38.8667 , -95.2333
Douglas County 	 41.3 , -96.167 	 41.3 , -96.15
Douglas County 	 45.9333 , -95.4503 	 45.94 , -95.45
Dublin 	 40.0992 , -83.1141 	 40.09923 , -83.11408
Duluth 	 34.0029 , -84.1446 	 34.003055555556 , -84.145555555556
Dunbar 	 38.3606 , -81.7374 	 38.364444444444 , -81.739444444444
Dunwoody 	 33.9462 , -84.3346 	 33.9428 , -84.3178
DuPage County 	 41.8334 , -88.0834 	 41.833333333333 , -88.083333333333
East Bank 	 38.2182 , -81.4429 	 38.21816 , -81.44289
East Cambridgeshire 	 52.3167 , 0.3 	 52.387 , 0.294
East Chicago 	 41.6392 , -87.4548 	 41.6389 , -87.4622
East Hampton 	 41.5759 , -72.5026 	 41.57593 , -72.50259
Eastland County 	 32.3335 , -98.8337 	 32.33 , -98.83
East Lansing 	 42.737 , -84.4839 	 42.7348 , -84.4808
East Ridge 	 35.0142 , -85.2519 	 34.996666666667 , -85.2375
East Zorra-Tavistock 	 43.2501 , -80.833 	 43.2333 , -80.7833
Edgar County 	 39.6667 , -87.7506 	 39.68 , -87.75
Edmonton 	 53.5501 , -113.469 	 53.533333333333 , -113.5
Edwardsville 	 38.8114 , -89.9532 	 38.803888888889 , -89.958333333333
Elgin 	 44.1302 , -92.2516 	 44.13024 , -92.25156
Elida 	 40.7887 , -84.2038 	 40.7864 , -84.1978
Elizabethtown 	 40.1529 , -76.6027 	 40.1533 , -76.6006
Elkhart 	 31.6252 , -95.5794 	 31.62517 , -95.5794
Ellsworth County 	 38.7 , -98.2003 	 38.654444444444 , -98.212777777778
England 	 52.1605 , -0.703125 	 53.0 , -1.0
Epsom 	 43.2229 , -71.332 	 43.22286 , -71.33201
Etowah 	 35.3234 , -84.5249 	 35.329444444444 , -84.528333333333
Euclid 	 41.5931 , -81.5268 	 41.595555555556 , -81.519166666667
Europe 	 48.691 , 9.14062 	 46.0 , 7.0
European Union 	 50.8386 , 4.37599 	 50.116944444444 , 9.2477777777778
Evansville 	 37.9748 , -87.5558 	 37.974722222222 , -87.555833333333
Fairfax 	 38.8462 , -77.3064 	 38.852612 , -77.304377
Fairfield 	 31.7246 , -96.1652 	 31.7219 , -96.1581
Fairfield 	 41.1412 , -73.2637 	 41.14121 , -73.26373
Falls Village 	 41.9559 , -73.3632 	 41.956389 , -73.363611
Farallon Islands 	 37.7333 , -123.034 	 37.73888889 , -123.06666667
Fargo 	 46.8772 , -96.7898 	 46.877222222222 , -96.789444444444
Feltham 	 51.4462 , -0.413876 	 51.4496 , -0.4089
Fitzgerald 	 31.7149 , -83.2527 	 31.7156 , -83.2564
Flemington 	 40.5123 , -74.8593 	 40.5087 , -74.8601
Florence 	 34.1954 , -79.7626 	 34.183888888889 , -79.774166666667
Florida 	 28.7505 , -82.5001 	 28.133333333333 , -81.631666666667
Flumeri 	 41.0778 , 15.1477 	 41.078888888889 , 15.148611111111
Forsyth County 	 34.2168 , -84.1166 	 34.22 , -84.13
Fort Benning 	 32.3524 , -84.9688 	 32.366111111111 , -84.969166666667
Fort Mill 	 35.0074 , -80.9451 	 35.00737 , -80.94508
Fort Worth 	 32.7254 , -97.3208 	 32.757222222222 , -97.333055555556
Fowlerville 	 42.6606 , -84.073 	 42.660555555556 , -84.073055555556
Framingham 	 42.2793 , -71.4162 	 42.27926 , -71.41617
Franklin County 	 39.9667 , -83.0166 	 39.97 , -83.01
Frankston 	 32.0527 , -95.5063 	 32.05266 , -95.50635
Freeborn Lake 	 45.795 , -95.6173 	 45.79444444 , -95.61722222
Freestone County 	 31.7002 , -96.2669 	 31.7 , -96.15
Fremont 	 37.5483 , -121.989 	 37.543055555556 , -121.98277777778
Fresno 	 36.7477 , -119.772 	 36.781666666667 , -119.79222222222
Friedensburg 	 40.6026 , -76.2408 	 40.604444444444 , -76.23
Gainesville 	 29.6516 , -82.3248 	 29.665277777778 , -82.336111111111
Gainesville 	 33.6259 , -97.1333 	 33.6303 , -97.1403
Gainesville 	 34.2979 , -83.8241 	 34.3044 , -83.8339
Garden City 	 37.9717 , -100.873 	 37.9753 , -100.864
Gaston 	 33.8171 , -81.1009 	 33.815833333333 , -81.100833333333
Gaza Strip 	 31.4167 , 34.3333 	 31.416666666667 , 34.333333333333
Geauga County 	 41.5006 , -81.1665 	 41.5 , -81.17
Gilchrist County 	 29.7086 , -82.7915 	 29.73 , -82.8
Gilroy 	 37.0058 , -121.568 	 37.011944444444 , -121.58
Glastonbury 	 41.7123 , -72.6081 	 41.686944444444 , -72.544722222222
Glen Allen 	 37.666 , -77.5064 	 37.66 , -77.4856
Glen Carbon 	 38.7484 , -89.9832 	 38.7597 , -89.9692
Glendale 	 34.1425 , -118.255 	 34.170833333333 , -118.25
Glen Ellyn 	 41.8775 , -88.067 	 41.871111111111 , -88.063055555556
Godfrey 	 38.9556 , -90.1868 	 38.9481 , -90.2028
Golan Heights 	 33 , 35.75 	 33.0 , 35.75
Golden Gate 	 37.8152 , -122.48 	 37.81521 , -122.47969
Golden Glades 	 25.9118 , -80.2003 	 25.912777777778 , -80.197777777778
Goose Creek 	 32.981 , -80.0326 	 32.995555555556 , -80.028888888889
Grand Ledge 	 42.7534 , -84.7464 	 42.753333333333 , -84.746388888889
Grand Prairie 	 32.746 , -96.9978 	 32.715278 , -97.016944
Grant County 	 39.1168 , -79.1998 	 39.1 , -79.2
Grant County 	 45.9333 , -96.0009 	 45.93 , -96.01
Grantville 	 40.3779 , -76.6464 	 40.397222222222 , -76.654722222222
Grapeland 	 31.4918 , -95.4786 	 31.491666666667 , -95.480277777778
Gratis 	 33.8826 , -83.6632 	 33.8825 , -83.6633
Grayson County 	 33.6168 , -96.6836 	 33.62 , -96.68
Great Bend 	 38.3645 , -98.7648 	 38.3644 , -98.7647
Greenbrier County 	 37.9501 , -80.4165 	 37.95 , -80.45
Greene County 	 37.2667 , -93.3502 	 37.26 , -93.34
Greene County 	 39.6834 , -83.8999 	 39.69 , -83.89
Greenville 	 33.1385 , -96.1108 	 33.1261 , -96.1097
Greenville 	 34.8526 , -82.394 	 34.844444444444 , -82.385555555556
Greenwood 	 37.8554 , -81.6307 	 53.18055556 , -4.19583333
Greer 	 34.9387 , -82.2271 	 34.930277777778 , -82.225
Griffith Park 	 34.1358 , -118.301 	 34.1333 , -118.3
Groton 	 41.3501 , -72.0784 	 41.3501 , -72.07841
Grove City 	 39.8815 , -83.093 	 39.8781 , -83.0781
Grovetown 	 33.4504 , -82.1982 	 33.4494 , -82.1969
Guernsey County 	 40.0501 , -81.5165 	 40.05 , -81.5
Gulf of Alaska 	 59 , -145 	 57.0 , -144.0
Gulf of Mexico 	 25 , -90 	 25.0 , -90.0
Gun Barrel City 	 32.3346 , -96.1514 	 32.33459 , -96.15136
Gwinnett County 	 33.9501 , -84.0499 	 33.96 , -84.03
Hagerstown 	 39.9112 , -85.1616 	 39.91116 , -85.16163
Hall County 	 34.3168 , -83.7832 	 34.32 , -83.82
Hamilton 	 39.3995 , -84.5613 	 39.395833333333 , -84.565
Hamilton County 	 39.1834 , -84.5333 	 39.2 , -84.54
Hamilton County 	 40.0456 , -86.0086 	 40.07 , -86.05
Hammond 	 41.5834 , -87.5 	 41.6111 , -87.4931
Hanover 	 40.0798 , -82.261 	 40.0781 , -82.27
Hanover 	 43.7023 , -72.2895 	 43.7083 , -72.2772
Hardy County 	 39.0168 , -78.8164 	 39.01 , -78.86
Harlem 	 33.4146 , -82.3126 	 33.4169 , -82.3139
Harper County 	 37.2 , -98.0837 	 37.2 , -98.0833
Harrisburg 	 40.2737 , -76.8844 	 40.269722222222 , -76.875555555556
Harris County 	 32.7335 , -84.8999 	 32.74 , -84.91
Hartford 	 41.7637 , -72.6851 	 41.763333333333 , -72.685
Hartsfield 	 31.2169 , -83.976 	 31.21694444 , -83.97611111
Harvey County 	 38.05 , -97.4336 	 38.123888888889 , -97.645277777778
Harwinton 	 41.7712 , -73.0598 	 41.754444444444 , -73.056944444444
Haslett 	 42.747 , -84.4011 	 42.746944444444 , -84.401111111111
Hawaii 	 20.7503 , -156.5 	 21.311388888889 , -157.79638888889
Hayes County 	 40.5333 , -101.05 	 40.53 , -101.06
Hayward 	 37.6688 , -122.081 	 37.668888888889 , -122.08083333333
Headington 	 51.75 , -1.2 	 51.765 , -1.212
Heath 	 40.0228 , -82.4446 	 40.0319 , -82.4356
Hempfield 	 40.0548 , -76.4389 	 40.054722222222 , -76.438888888889
Henderson 	 36.0397 , -114.982 	 36.031666666667 , -114.98138888889
Henderson County 	 32.2002 , -95.8336 	 32.21 , -95.85
Hendricks County 	 39.7606 , -86.5264 	 39.77 , -86.51
Henrico County 	 37.5501 , -77.3664 	 37.55 , -77.4
Henry County 	 36.3334 , -88.3167 	 36.33 , -88.3
Henry County 	 40.9834 , -91.5502 	 40.986666666667 , -91.541944444444
Hershey 	 40.2859 , -76.6502 	 40.278333333333 , -76.651111111111
Hitchcock County 	 40.1667 , -101.05 	 40.18 , -101.04
Hoboken 	 40.744 , -74.0324 	 40.7425 , -74.02861111
Hollywood 	 34.0983 , -118.327 	 34.1 , -118.33333333333
Holopaw 	 28.1358 , -81.0762 	 28.1358 , -81.0761
Hopkins Park 	 41.9467 , -88.7373 	 41.0725 , -87.605
Hopkinton 	 43.1915 , -71.6754 	 43.19147 , -71.67535
Horry County 	 33.9168 , -78.9831 	 33.91 , -78.98
Hounslow 	 51.4684 , -0.360918 	 51.4668 , -0.3507
Houston 	 29.7633 , -95.3633 	 29.762777777778 , -95.383055555556
Hudson 	 40.6059 , -88.9873 	 40.6058 , -88.9872
Hudson 	 41.2401 , -81.4407 	 41.2398397 , -81.440784
Hume 	 39.7967 , -87.8686 	 39.7967 , -87.8686
Huntersville 	 35.4107 , -80.8428 	 35.409444444444 , -80.863611111111
Huntingdon 	 52.3333 , -0.183333 	 52.3364 , -0.1717
Huntsville 	 30.7235 , -95.5508 	 30.723327777778 , -95.550955555556
Hurricane 	 38.4326 , -82.0201 	 38.4325 , -82.019722222222
Hutchinson 	 38.0608 , -97.9298 	 38.0656 , -97.9236
Idaho 	 44.5002 , -114.251 	 45.0 , -114.0
Illinois 	 40.0003 , -89.2504 	 40.0 , -89.0
Independence 	 39.0911 , -94.4155 	 39.083333333333 , -94.416666666667
Indiana 	 40.0003 , -86.2503 	 39.933333333333 , -86.216666666667
Indianapolis 	 39.7684 , -86.158 	 39.768611111111 , -86.158055555556
Institute 	 38.3837 , -81.7654 	 38.3836 , -81.7653
Iowa 	 42.0003 , -93.5005 	 42.0 , -93.0
Iowa City 	 41.6611 , -91.5302 	 41.655833333333 , -91.525
Irvine 	 37.7006 , -83.9738 	 37.6969 , -83.9669
Islamabad 	 33.61 , 73.0591 	 33.698888888889 , 73.036944444444
Isle of Palms 	 32.7868 , -79.7948 	 32.796388888889 , -79.765
Jackson 	 35.6145 , -88.8139 	 35.633055555556 , -88.820833333333
Jackson County 	 34.1334 , -83.5666 	 34.13 , -83.56
Jackson County 	 39.0167 , -94.3502 	 39.01 , -94.34
Jackson County 	 43.6255 , -94.8747 	 43.68 , -95.16
Jacksonville 	 30.3322 , -81.6556 	 30.316666666667 , -81.65
James River 	 36.9415 , -76.4436 	 36.941667 , -76.443611
Japan 	 36 , 138 	 35.0 , 136.0
Jeannette 	 40.3281 , -79.6153 	 40.3289 , -79.6139
Jefferson County 	 38.1834 , -85.65 	 38.19 , -85.66
Jefferson County 	 39.6333 , -105.267 	 39.59 , -105.25
Jeffersonville 	 38.2776 , -85.7372 	 38.2956 , -85.7314
Jerusalem 	 31.7667 , 35.2333 	 31.783333333333 , 35.216666666667
Johnson County 	 38.8667 , -94.8669 	 38.8667 , -94.8667
Joliet 	 41.525 , -88.0817 	 41.5225 , -88.140555555556
Jonesboro 	 33.5215 , -84.3538 	 33.5244 , -84.3542
Jordan 	 44.6669 , -93.6269 	 44.66833333 , -93.6325
Kaliningrad 	 54.71 , 20.5 	 54.716666666667 , 20.5
Kanawha City 	 38.3215 , -81.5821 	 38.3214 , -81.5819
Kanawha County 	 38.3334 , -81.5665 	 38.34 , -81.53
Kanawha River 	 38.8379 , -82.1426 	 38.8372 , -82.1419
Kane County 	 41.95 , -88.4334 	 41.95 , -88.433333333333
Kansas 	 38.5003 , -98.5006 	 38.5 , -98.0
Kansas City 	 39.0997 , -94.5786 	 39.05 , -94.583333333333
Kansas City 	 39.1142 , -94.6275 	 39.106666666667 , -94.676388888889
Kaufman County 	 32.6001 , -96.3003 	 32.6 , -96.28
Kensington 	 45.778 , -95.6962 	 45.778055555556 , -95.696111111111
Kent 	 41.7248 , -73.4771 	 41.72482 , -73.47707
Kent 	 46.4363 , -96.6848 	 46.436388888889 , -96.684722222222
Kentford 	 52.2667 , 0.5 	 52.272491666667 , 0.50412777777778
Kenton County 	 38.9501 , -84.5333 	 38.93 , -84.54
Kentucky 	 38.2004 , -84.8776 	 37.5 , -85.0
Kettering 	 39.6895 , -84.1688 	 39.697222222222 , -84.152222222222
Kew 	 51.4667 , -0.283333 	 51.4837 , -0.278
Khartoum 	 15.5881 , 32.5342 	 15.60308 , 32.52654
Kidlington 	 51.8167 , -1.28333 	 51.823 , -1.291
Kiev 	 50.4333 , 30.5167 	 50.45 , 30.523611111111
Kingman 	 37.6458 , -98.1137 	 37.6469 , -98.1139
Kingman County 	 37.5667 , -98.1337 	 37.520555555556 , -97.871666666667
Kirkland 	 42.0925 , -88.8512 	 42.0914 , -88.8503
Kishwaukee River 	 42.1861 , -89.1312 	 42.18613 , -89.13122
Knox County 	 42.6333 , -97.8837 	 42.63 , -97.88
Knoxville 	 35.9606 , -83.9207 	 35.966666666667 , -83.95
Laconia 	 43.5279 , -71.4704 	 43.5275 , -71.4703
Lafayette 	 37.8858 , -122.118 	 37.885833333333 , -122.11805555556
Lagos 	 6.45306 , 3.39583 	 6.45 , 3.4
Laguna Hills 	 33.5956 , -117.7 	 33.599722222222 , -117.69944444444
Lahore 	 31.5497 , 74.3436 	 31.549722222222 , 74.343611111111
Lake Cumberland 	 36.8681 , -85.1475 	 36.888888888889 , -85.05
Lake Cunningham 	 34.9851 , -82.2582 	 37.336613888889 , -121.80831666667
Lake Ontario 	 43.7501 , -77.9995 	 43.7 , -77.9
Lakeville 	 40.6562 , -82.1271 	 40.6562 , -82.1271
Lamar County 	 33.6668 , -95.5836 	 33.67 , -95.57
Lancaster 	 34.698 , -118.137 	 34.686944444444 , -118.15416666667
Lancaster 	 40.0379 , -76.3055 	 40.039722222222 , -76.304444444444
Lancaster County 	 40.7833 , -96.6836 	 40.78 , -96.69
Lanexa 	 37.4238 , -76.9011 	 37.4239 , -76.9011
Lansing 	 42.7325 , -84.5555 	 42.7335 , -84.5467
Larned 	 38.1806 , -99.0987 	 38.1822 , -99.1017
Las Vegas 	 36.175 , -115.137 	 36.169166666667 , -115.14472222222
Las Vegas Valley 	 35.9122 , -115.12 	 36.1318 , -115.184
Latakia 	 35.5167 , 35.7833 	 35.523611111111 , 35.791666666667
Laurel 	 42.4294 , -97.0898 	 42.428055555556 , -97.093055555556
Laurel County 	 37.1334 , -84.1333 	 37.11 , -84.12
Lawrenceburg 	 35.2423 , -87.3347 	 35.243611111111 , -87.334444444444
Leavenworth County 	 39.2333 , -95.0336 	 39.268611111111 , -95.125555555556
Lebanon 	 39.4353 , -84.203 	 39.426666666667 , -84.2125
Lebanon 	 40.0484 , -86.4692 	 40.0522 , -86.4717
Lebanon 	 40.3409 , -76.4113 	 40.3417 , -76.4208
Levy County 	 29.2919 , -82.7493 	 29.28 , -82.79
Lewisburg 	 37.8018 , -80.4456 	 37.804166666667 , -80.440277777778
Lexington 	 33.9815 , -81.2362 	 33.98154 , -81.23621
Lexington 	 40.7808 , -99.7415 	 40.779444444444 , -99.743888888889
Lexington County 	 33.9001 , -81.2998 	 33.9 , -81.27
Licking County 	 40.0834 , -82.5002 	 40.09 , -82.48
Lima 	 40.7425 , -84.1052 	 40.740833333333 , -84.115
Limassol District 	 34.7833 , 32.9167 	 34.783333 , 32.916667
Limerick 	 52.6647 , -8.62306 	 52.6653 , -8.6238
Lincoln 	 40.8 , -96.667 	 40.810555555556 , -96.680277777778
Lincoln County 	 41.05 , -100.767 	 41.05 , -100.75
Litchfield 	 41.7473 , -73.1887 	 41.747222222222 , -73.189722222222
Lock Haven 	 41.137 , -77.4469 	 41.137777777778 , -77.450833333333
Lombard 	 41.88 , -88.0078 	 41.8761 , -88.015
London 	 37.129 , -84.0833 	 37.1275 , -84.0842
London 	 42.9834 , -81.233 	 42.9837 , -81.2497
London 	 51.5084 , -0.125533 	 51.507222222222 , -0.1275
Long Beach 	 33.767 , -118.189 	 33.768321 , -118.1956168
Long Island 	 43.8651 , -74.4543 	 40.805805 , -73.253616
Loop Head 	 52.5667 , -9.935 	 52.6041 , -9.76248
Lore City 	 39.9848 , -81.4585 	 39.9839 , -81.4586
Los Altos 	 37.3852 , -122.114 	 37.3681 , -122.098
Los Angeles 	 34.0522 , -118.244 	 34.05223 , -118.24368
Los Gatos 	 37.2266 , -121.975 	 37.236111111111 , -121.96166666667
Loudon County 	 35.7334 , -84.3166 	 35.73 , -84.31
Louisiana 	 31.0005 , -92.0004 	 31.0 , -92.0
Louisville 	 38.2542 , -85.7594 	 38.254166666667 , -85.760277777778
Loup City 	 41.2756 , -98.9668 	 41.277222222222 , -98.968055555556
Love County 	 33.9501 , -97.2336 	 33.95 , -97.25
Lovejoy 	 33.4362 , -84.3144 	 33.4442 , -84.315
Lowell 	 41.2914 , -87.4206 	 41.29142 , -87.42059
Ludlow 	 42.1601 , -72.4759 	 42.16 , -72.476388888889
Lumpkin 	 32.051 , -84.7991 	 32.0497 , -84.7958
Macon County 	 39.8667 , -88.9667 	 39.86 , -88.96
Madison 	 41.8283 , -97.455 	 41.8275 , -97.456944444444
Madison County 	 34.1334 , -83.2165 	 34.13 , -83.21
Madison County 	 37.7334 , -84.2999 	 37.72 , -84.28
Madison County 	 38.8334 , -89.9001 	 38.83 , -89.91
Madison County 	 39.8667 , -83.4333 	 39.9 , -83.4
Madison County 	 41.9167 , -97.6003 	 41.92 , -97.6
Mahnomen 	 47.3152 , -95.9687 	 47.31527778 , -95.96861111
Mahnomen County 	 47.3333 , -95.817 	 47.33 , -95.81
Maineville 	 39.3151 , -84.2208 	 39.31694 , -84.22278
Makhachkala 	 42.9753 , 47.5022 	 42.983333333333 , 47.483333333333
Malta 	 41.9298 , -88.8609 	 41.92917 , -88.86167
Manassas 	 38.7509 , -77.4753 	 38.751415 , -77.476396
Manchester 	 42.9956 , -71.4548 	 42.990833333333 , -71.463611111111
Manhattan 	 39.1836 , -96.5717 	 39.19 , -96.58667
Mansfield 	 32.0377 , -93.7002 	 32.03278 , -93.70222
Mansfield 	 32.5632 , -97.1417 	 32.57694 , -97.12667
Mansfield 	 40.7584 , -82.5154 	 40.754856 , -82.522855
Marion County 	 38.4 , -97.1503 	 38.4 , -97.15
Marion County 	 39.7684 , -86.1555 	 39.78 , -86.14
Marshall 	 44.4469 , -95.7884 	 44.446944444444 , -95.788333333333
Martinez 	 33.5174 , -82.0757 	 33.51583 , -82.1
Maryland 	 39.0004 , -76.75 	 39.0 , -76.7
Maryville 	 38.7237 , -89.9559 	 38.72528 , -89.9575
Mason County 	 38.8001 , -82.0001 	 38.77 , -82.02
Massachusetts 	 42.3656 , -71.1083 	 42.3 , -71.8
Maury County 	 35.6334 , -87.0667 	 35.62 , -87.08
Mayer 	 44.885 , -93.8877 	 44.885 , -93.887777777778
McDowell County 	 37.3668 , -81.6498 	 37.37 , -81.65
McLean 	 38.9343 , -77.1775 	 38.928333333333 , -77.175277777778
McLean County 	 37.5334 , -87.2506 	 37.53 , -87.26
McLean County 	 40.4834 , -88.8334 	 40.49 , -88.85
McMinn County 	 35.4334 , -84.5999 	 35.42 , -84.62
Meadow Grove 	 42.0289 , -97.7339 	 42.03 , -97.735
Mechanicsburg 	 40.072 , -83.5563 	 40.07444 , -83.5575
Medina 	 41.1384 , -81.8637 	 41.13583 , -81.86389
Medina County 	 41.1001 , -81.8832 	 41.12 , -81.9
Meigs County 	 39.1001 , -82.0165 	 39.08 , -82.02
Melbourne 	 28.0836 , -80.6081 	 28.08363 , -80.60811
Mercer County 	 37.4001 , -81.1165 	 37.41 , -81.11
Meredith 	 43.6576 , -71.5004 	 43.657777777778 , -71.500555555556
Merrimack County 	 43.3001 , -71.6829 	 43.277702 , -71.637253
Mexico 	 23 , -102 	 23.316667 , -102.366667
Miami 	 25.7743 , -80.1937 	 25.783333333333 , -80.216666666667
Miami Beach 	 25.7907 , -80.13 	 25.813025 , -80.134063888889
Miami-Dade County 	 25.6171 , -80.5331 	 25.774167 , -80.193611
Michigan 	 44.2503 , -85.5003 	 44.34 , -85.58
Middle East 	 33.1391 , 35.8587 	 28.0 , 45.0
Middletown 	 39.5151 , -84.3983 	 39.506111111111 , -84.375833333333
Middletown 	 41.5623 , -72.6507 	 41.562222222222 , -72.651111111111
Millbrae 	 37.5985 , -122.387 	 37.600833333333 , -122.40138888889
Milwaukee 	 43.0389 , -87.9065 	 43.0389 , -87.90647
Minneapolis 	 44.98 , -93.2638 	 44.9733 , -93.2643
Minnesota 	 46.2502 , -94.2506 	 46.0 , -94.0
Minsk 	 53.9 , 27.5667 	 53.902246 , 27.561837
Missouri 	 38.2503 , -92.5005 	 38.5 , -92.5
Mittineague Park 	 42.1007 , -72.6534 	 42.1008 , -72.6528
Monongalia County 	 39.6501 , -80.0331 	 39.63 , -80.05
Monroe 	 33.7948 , -83.7132 	 33.7933 , -83.7108
Monroe 	 39.4403 , -84.3622 	 39.4447 , -84.3642
Monroeville 	 31.5279 , -87.3247 	 31.518075 , -87.327543
Montana 	 47.0002 , -109.751 	 47.0 , -110.0
Montgomery 	 44.4389 , -93.5813 	 44.440277777778 , -93.580555555556
Montgomery County 	 38.0501 , -83.9166 	 38.03 , -83.91
Montgomery County 	 39.7503 , -84.2999 	 39.75 , -84.29
Montgomery County 	 40.0412 , -86.8745 	 40.04 , -86.89
Montreal 	 45.5168 , -73.6492 	 45.508888888889 , -73.561666666667
Moore County 	 35.3002 , -79.4831 	 35.31 , -79.48
Moorhead 	 46.8739 , -96.7676 	 46.873888888889 , -96.767222222222
Moorpark 	 34.2856 , -118.882 	 34.28 , -118.88888888889
Morecambe 	 54.0667 , -2.85 	 54.066666666667 , -2.85
Morgan Hill 	 37.1305 , -121.654 	 37.130555555556 , -121.65444444444
Morrow County 	 40.5334 , -82.7832 	 40.53 , -82.8
Moscow 	 55.7522 , 37.6156 	 55.755833333333 , 37.617777777778
Mount Gilead 	 40.5492 , -82.8274 	 40.5522 , -82.8317
Mount Hood 	 45.3735 , -121.696 	 45.538061111111 , -121.56721944444
Mount Pleasant 	 33.1568 , -94.9683 	 33.1578 , -94.97
Mount Pleasant 	 40.9636 , -91.5579 	 40.966944444444 , -91.551111111111
Mount Vernon 	 33.1887 , -95.2213 	 33.18873 , -95.22133
Muscogee County 	 32.5007 , -84.8666 	 32.51 , -84.87
Myerstown 	 40.3745 , -76.3027 	 40.37454 , -76.30273
Myrtle Beach 	 33.6891 , -78.8867 	 33.71 , -78.883611111111
Nairobi 	 -1.28333 , 36.8167 	 -1.2863888888889 , 36.817222222222
Nanjing 	 32.0617 , 118.778 	 32.05 , 118.76666666667
Nashville 	 36.1659 , -86.7844 	 36.165 , -86.783888888889
Nassau County 	 30.6461 , -81.7915 	 30.61 , -81.77
Naugatuck River 	 41.3137 , -73.0807 	 41.6531 , -73.0775
Navarro County 	 32.0502 , -96.4669 	 32.05 , -96.47
Nebraska 	 41.5003 , -99.7507 	 41.5 , -100.0
Neches River 	 29.9688 , -93.8557 	 29.97058 , -93.856377
Neligh 	 42.1286 , -98.0298 	 42.13 , -98.029166666667
Nelson 	 45.8894 , -95.2642 	 45.889444444444 , -95.264166666667
Nevada 	 39.2502 , -116.751 	 39.0 , -117.0
Newark 	 37.5297 , -122.04 	 37.533333333333 , -122.03333333333
Newark 	 40.0581 , -82.4013 	 40.063014 , -82.416779
Newberry 	 29.6464 , -82.6065 	 29.639722222222 , -82.608611111111
New Castle 	 39.9289 , -85.3702 	 39.9236 , -85.365
New Concord 	 39.9937 , -81.734 	 39.9944 , -81.7364
New Delhi 	 28.6 , 77.2 	 28.7 , 77.2
Newfoundland and Labrador 	 52 , -56 	 53.0 , -60.0
New Hampshire 	 43.667 , -71.4998 	 44.0 , -71.5
New Haven 	 41.3082 , -72.9282 	 41.308333333333 , -72.925
New Jersey 	 40.1671 , -74.4999 	 40.0 , -74.5
New Kent County 	 37.4835 , -76.9997 	 37.51 , -77.0
New London 	 40.927 , -91.3996 	 40.925277777778 , -91.401111111111
New Miami 	 39.4348 , -84.5369 	 39.4317 , -84.5411
New Milford 	 41.577 , -73.4085 	 41.57704 , -73.40845
Newton County 	 33.5501 , -83.8499 	 33.599243 , -83.858729
New York City 	 40.7143 , -74.006 	 40.67 , -73.94
New Zealand 	 -42 , 174 	 -42.0 , 174.0
Nice 	 43.7 , 7.25 	 43.701944444444 , 7.2683333333333
Niota 	 35.5134 , -84.5452 	 35.514166666667 , -84.547222222222
Nitro 	 38.4148 , -81.844 	 38.415277777778 , -81.831111111111
Norfolk 	 42.0283 , -97.417 	 42.028333333333 , -97.433611111111
Norman 	 35.2226 , -97.4395 	 35.221666666667 , -97.418333333333
North America 	 46.0732 , -100.547 	 47.0 , -105.0
Northampton 	 42.3251 , -72.6412 	 42.325 , -72.641666666667
Northbrook 	 42.1275 , -87.829 	 42.1292 , -87.8408
North Carolina 	 35.5007 , -80.0003 	 35.5 , -80.0
North Charleston 	 32.8886 , -80.0075 	 32.885277777778 , -80.016944444444
North Dakota 	 47.5003 , -100.001 	 47.5 , -100.5
North Druid Hills 	 33.8168 , -84.3133 	 33.8197 , -84.3281
Northern Ireland 	 54.5 , -6.5 	 54.590933333333 , -5.84
North Island 	 -39 , 176 	 -39.0 , 176.0
North Kansas City 	 39.13 , -94.5622 	 39.1389 , -94.5706
North Las Vegas 	 36.1989 , -115.118 	 36.228611111111 , -115.14666666667
North Myrtle Beach 	 33.816 , -78.68 	 33.822222222222 , -78.681111111111
North Platte 	 41.1239 , -100.765 	 41.135914 , -100.770501
Oakland 	 37.8044 , -122.271 	 37.8 , -122.25
Oakport 	 46.9319 , -96.779 	 46.935277777778 , -96.766388888889
Ocilla 	 31.5944 , -83.2504 	 31.598611111111 , -83.25
Oconee County 	 33.8335 , -83.4332 	 33.84 , -83.44
Oglethorpe County 	 33.8668 , -83.0832 	 33.88 , -83.08
Ohio 	 40.2503 , -83.0002 	 40.5 , -82.5
Oklahoma 	 35.5003 , -97.5006 	 35.5 , -98.0
Olmsted County 	 44.0005 , -92.4502 	 44.0 , -92.4
Omaha 	 41.2586 , -95.9378 	 41.266666666667 , -96.016666666667
Ontario 	 49.2501 , -84.4998 	 50.0 , -85.0
Orange County 	 33.7 , -117.768 	 33.67 , -117.78
Oregon 	 44.0001 , -120.501 	 43.935833 , -120.575
Orient 	 39.8028 , -83.1519 	 39.805 , -83.1544
Orlando 	 28.5383 , -81.3792 	 28.533611111111 , -81.386666666667
Oroville 	 39.5138 , -121.556 	 39.513888888889 , -121.3925
Osceola County 	 28.042 , -81.1242 	 28.06 , -81.15
Oscoda 	 44.4203 , -83.3308 	 44.420277777778 , -83.330833333333
Otoe County 	 40.6333 , -96.1336 	 40.6762 , -95.8617
Otter Tail County 	 46.4 , -95.7003 	 46.41 , -95.71
Oxford 	 39.507 , -84.7452 	 39.5075 , -84.746666666667
Oxford 	 43.1334 , -80.833 	 51.751944444444 , -1.2577777777778
Oxford 	 51.7522 , -1.25596 	 51.751944444444 , -1.2577777777778
Ozark 	 37.0209 , -93.206 	 37.027222222222 , -93.209444444444
Pahrump 	 36.2083 , -115.984 	 36.208611111111 , -116.01194444444
Palencia 	 42.0167 , -4.53333 	 42.016666666667 , -4.5333333333333
Palestine 	 31.7621 , -95.6308 	 31.758055555556 , -95.638611111111
Palestine 	 40.0495 , -84.7433 	 40.0503 , -84.7444
Palmdale 	 34.5794 , -118.116 	 34.581111111111 , -118.10055555556
Palmyra 	 40.309 , -76.5933 	 40.30898 , -76.5933
Panama City 	 30.1588 , -85.6602 	 30.174167 , -85.664167
Paredes de Nava 	 42.15 , -4.68333 	 42.152777777778 , -4.6944444444444
Paris 	 33.6609 , -95.5555 	 33.662508 , -95.547692
Paris 	 36.302 , -88.3267 	 36.301111111111 , -88.313888888889
Paris 	 39.6111 , -87.6961 	 39.6111 , -87.6961
Paris 	 48.8534 , 2.3488 	 48.856577777778 , 2.3518277777778
Parkers Prairie 	 46.153 , -95.3289 	 46.153055555556 , -95.328888888889
Pataskala 	 39.9956 , -82.6743 	 39.997777777778 , -82.6975
Pelican Rapids 	 46.5708 , -96.0831 	 46.570833333333 , -96.083055555556
Penacook 	 43.2804 , -71.6001 	 43.280277777778 , -71.6
Pennsylvania 	 40.2725 , -76.9057 	 41.0 , -77.5
Pensacola 	 30.4213 , -87.2169 	 30.433333333333 , -87.2
Perham 	 46.5944 , -95.5725 	 46.5944 , -95.57254
Perry County 	 35.6501 , -87.8667 	 35.64 , -87.87
Peterborough 	 52.5833 , -0.25 	 52.583333333333 , -0.25
Pewaukee 	 43.0806 , -88.2612 	 43.061388888889 , -88.249444444444
Phenix City 	 32.471 , -85.0008 	 32.472777777778 , -85.02
Philadelphia 	 39.9523 , -75.1638 	 39.952777777778 , -75.163611111111
Pickerington 	 39.8842 , -82.7535 	 39.8922 , -82.7639
Pictured Rocks National Lakeshore 	 46.5611 , -86.3282 	 46.5622 , -86.3125
Pierce 	 42.1992 , -97.5267 	 42.199444444444 , -97.529444444444
Pineville 	 31.3224 , -92.4343 	 31.3224 , -92.4343
Pittsburgh 	 40.4406 , -79.9959 	 40.44062 , -79.99589
Plainview 	 42.3497 , -97.792 	 42.352777777778 , -97.787222222222
Plainview 	 44.165 , -92.1716 	 44.165 , -92.171666666667
Platte City 	 39.3703 , -94.7825 	 39.3617 , -94.7747
Platte County 	 41.55 , -97.4837 	 41.57 , -97.53
Pleasant City 	 39.9037 , -81.5454 	 39.9033 , -81.5419
Pleasanton 	 37.6624 , -121.875 	 37.6725 , -121.8825
Plymouth 	 41.9584 , -70.6673 	 41.95844 , -70.66726
Pocahontas County 	 38.3168 , -80.0331 	 38.32 , -80.01
Pomeroy 	 39.0276 , -82.0338 	 39.0281 , -82.0319
Portland 	 41.5729 , -72.6406 	 41.57288 , -72.64065
Port of Los Angeles 	 33.7292 , -118.262 	 33.7291858 , -118.262015
Port Said 	 31.2806 , 32.3075 	 31.25 , 32.283333333333
Post Falls 	 47.718 , -116.952 	 47.712 , -116.948
Pottawatomie County 	 39.3333 , -96.3003 	 39.3333 , -96.3
Pottstown 	 40.2454 , -75.6496 	 40.2497 , -75.6403
Powhatan County 	 37.5668 , -77.9164 	 37.55 , -77.92
Pratt 	 37.6439 , -98.7376 	 37.650277777778 , -98.738055555556
Pratt County 	 37.65 , -98.7337 	 37.656666666667 , -98.74
Preble 	 40.8323 , -85.0147 	 40.8322 , -85.0147
Preble County 	 39.7503 , -84.6333 	 39.74 , -84.65
Princeton 	 37.3662 , -81.1026 	 37.368055555556 , -81.095833333333
Prince William County 	 38.7001 , -77.483 	 38.7 , -77.48
Puget Sound 	 47.8332 , -122.435 	 47.8331 , -122.435
Punjab 	 31 , 72 	 31.0 , 74.0
Putnam County 	 38.5168 , -81.8832 	 38.50862 , -81.90899
Quebec 	 46.8123 , -71.2145 	 52.0 , -72.0
Rafah 	 31.2842 , 34.2508 	 31.288611111111 , 34.251944444444
Raleigh 	 35.7721 , -78.6386 	 35.818888888889 , -78.644722222222
Raleigh 	 37.7568 , -81.1743 	 37.7567 , -81.1742
Raleigh County 	 37.7501 , -81.2498 	 37.77136 , -81.24863
Ramsey County 	 45.0333 , -93.0835 	 45.02 , -93.1
Rapides Parish 	 31.1669 , -92.4835 	 31.2 , -92.54
Ravenel 	 32.7632 , -80.2501 	 32.778055555556 , -80.221111111111
Raytown 	 39.0086 , -94.4636 	 38.995 , -94.465555555556
Red Mill 	 40.7193 , -74.9207 	 40.71916667 , -74.92083333
Red Sea 	 19 , 39.5 	 22.0 , 38.0
Red Wing 	 44.5625 , -92.5338 	 44.565555555556 , -92.534722222222
Rhode Island 	 41.7504 , -71.4998 	 41.7 , -71.5
Richland 	 41.4356 , -97.2125 	 41.4375 , -97.213055555556
Richland County 	 40.7834 , -82.5499 	 40.78 , -82.54
Richmond 	 37.5538 , -77.4603 	 37.533333333333 , -77.466666666667
Richmond 	 37.7479 , -84.2947 	 37.744722222222 , -84.293611111111
Richmond 	 39.8289 , -84.8902 	 39.830277777778 , -84.890555555556
Richmond 	 42.764 , -80.8447 	 45.1943 , -75.839
Richmond County 	 33.3668 , -82.0998 	 33.36 , -82.07
Ridge Farm 	 39.8956 , -87.652 	 39.8969 , -87.6525
Riga 	 56.95 , 24.1 	 56.9475 , 24.106944444444
Riley County 	 39.3333 , -96.7003 	 39.113055555556 , -96.628055555556
River Lune 	 54.6167 , -2.05 	 53.985 , -2.8775
River Moy 	 54.1833 , -9.15 	 54.185333333333 , -9.1368333333333
Roanoke 	 37.271 , -79.9414 	 37.266666666667 , -79.933333333333
Robbinsdale 	 45.0322 , -93.3386 	 45.032222222222 , -93.338611111111
Rochester 	 43.1548 , -77.6156 	 43.165555555556 , -77.611388888889
Rochester 	 44.0216 , -92.4699 	 44.0234 , -92.46295
Rockcastle County 	 37.3668 , -84.3166 	 37.36 , -84.32
Rockford 	 40.6878 , -84.6466 	 40.6911 , -84.6486
Rock Hill 	 34.9249 , -81.0251 	 34.938055555556 , -81.026111111111
Rocky Hill 	 41.6648 , -72.6393 	 41.657222222222 , -72.66
Rocky Mountain National Park 	 40.3333 , -105.709 	 40.35 , -105.6833
Rogersville 	 37.117 , -93.0557 	 37.1175 , -93.0581
Rolling Meadows 	 42.0842 , -88.0131 	 42.0761 , -88.0258
Roselle 	 41.9847 , -88.0798 	 41.9806 , -88.0856
Roswell 	 34.0232 , -84.3616 	 34.0339 , -84.3442
Roxton 	 33.5462 , -95.7258 	 33.5456 , -95.725
Sacramento 	 38.5816 , -121.494 	 38.575277777778 , -121.48611111111
Sacramento River 	 38.0633 , -121.853 	 38.063333333333 , -121.85277777778
Saint Paul 	 44.9444 , -93.0933 	 44.944166666667 , -93.093611111111
Saint Petersburg 	 59.8944 , 30.2642 	 59.95 , 30.316666666667
Salina 	 38.8403 , -97.6114 	 38.8242 , -97.6072
Salisbury 	 41.9834 , -73.4212 	 41.985 , -73.422222222222
San Diego 	 32.7153 , -117.157 	 32.715 , -117.1625
San Fernando 	 34.2819 , -118.439 	 34.287222222222 , -118.43888888889
San Francisco 	 37.7749 , -122.419 	 37.766667 , -122.433333
San Jose 	 37.3394 , -121.895 	 37.304166666667 , -121.87277777778
Santa Ana 	 33.7456 , -117.868 	 33.740833333333 , -117.88138888889
Santa Clara 	 37.3541 , -121.955 	 37.35 , -121.96666666667
Santa Clara County 	 37.2333 , -121.768 	 37.36 , -121.97
Santa Clara Valley 	 37.2488 , -121.84 	 37.366944444444 , -121.98388888889
Santa Cruz 	 36.9741 , -122.031 	 36.97205 , -122.026252
Saratoga 	 37.2638 , -122.023 	 37.2725 , -122.01944444444
Sarnia 	 42.9668 , -82.3831 	 42.9994 , -82.3089
Sarpy County 	 41.1 , -96.1336 	 41.11 , -96.11
Sault Ste. Marie 	 46.5168 , -84.3333 	 46.5333 , -84.35
Schaumburg 	 42.0334 , -88.0834 	 42.030277777778 , -88.083888888889
Scotforth 	 54.0272 , -2.7895 	 54.027 , -2.791
Scott County 	 44.6333 , -93.5008 	 44.65 , -93.53
Scottdale 	 40.1003 , -79.587 	 40.10035 , -79.58698
Seminole County 	 28.7086 , -81.2081 	 28.71 , -81.23
Seven Mile 	 39.4801 , -84.5519 	 39.4822 , -84.5536
Sevierville 	 35.8681 , -83.5618 	 35.8775 , -83.57
Shakopee 	 44.798 , -93.5269 	 44.798055555556 , -93.526944444444
Sharon 	 41.8793 , -73.4768 	 41.87926 , -73.47679
Shawnee County 	 39.05 , -95.7669 	 38.903333333333 , -95.831388888889
Shawnee Park 	 38.3779 , -81.7596 	 38.2365 , -85.6741
Shelbyville 	 35.4834 , -86.4603 	 35.4889 , -86.4522
Sherman 	 33.6357 , -96.6089 	 33.6411 , -96.61
Sherman County 	 41.2167 , -98.9837 	 41.22 , -98.97
Shiloh 	 38.5614 , -89.8973 	 38.55 , -89.9167
Shreveport 	 32.5252 , -93.7502 	 32.5082078 , -93.7629569
Sidon 	 33.5631 , 35.3689 	 33.560555555556 , 35.398055555556
Sioux Falls 	 43.55 , -96.7003 	 43.536388888889 , -96.731666666667
Sochi 	 43.6 , 39.7303 	 43.585277777778 , 39.720277777778
South Bend 	 41.6834 , -86.25 	 41.676388888889 , -86.250277777778
South Carolina 	 34.0004 , -81.0001 	 34.0 , -81.0
South Charleston 	 38.3684 , -81.6996 	 38.36843 , -81.69957
South Dakota 	 44.5003 , -100.251 	 44.5 , -100.0
South Island 	 -43 , 171 	 -43.983333333333 , 170.45
Southlake 	 32.9412 , -97.1342 	 32.9467 , -97.1453
South Los Angeles 	 33.9275 , -118.278 	 33.982 , -118.24
Southport 	 39.665 , -86.1278 	 39.6614 , -86.1186
Southwest Middlesex 	 42.7501 , -81.7165 	 42.75 , -81.7
Southwick 	 42.0548 , -72.7704 	 42.05482 , -72.77037
Spartanburg 	 34.9496 , -81.932 	 34.948055555556 , -81.934722222222
Springfield 	 37.2153 , -93.2982 	 37.195 , -93.286111111111
Springfield 	 39.8017 , -89.6437 	 39.783333333333 , -89.650277777778
Springfield 	 39.9242 , -83.8088 	 39.926944444444 , -83.804166666667
Springfield 	 42.1015 , -72.5898 	 42.112411 , -72.547455
Stamford 	 41.0534 , -73.5387 	 41.096666666667 , -73.552222222222
Steveston 	 49.133 , -123.186 	 49.1275 , -123.18138888889
Stewart County 	 32.0668 , -84.8499 	 32.08 , -84.84
Stewart County 	 36.4834 , -87.8334 	 36.5 , -87.84
St. John's 	 47.5689 , -52.7148 	 47.5675 , -52.707222222222
Stonington 	 41.3359 , -71.9059 	 41.33593 , -71.9059
Story City 	 42.1872 , -93.5958 	 42.186388888889 , -93.591944444444
Sulphur Springs 	 33.1384 , -95.6011 	 33.1342 , -95.6019
Sunnyvale 	 37.3688 , -122.036 	 37.368888888889 , -122.03694444444
Sunrise 	 26.134 , -80.1131 	 26.13397 , -80.1131
Sun Valley 	 33.6646 , -95.4283 	 33.6669 , -95.4278
Surprise 	 33.6306 , -112.333 	 33.629194444444 , -112.36779722222
Swansea 	 33.7382 , -81.0979 	 33.73821 , -81.09787
Swanton 	 41.5887 , -83.8911 	 41.5872 , -83.8914
Swift County 	 45.2666 , -95.667 	 45.29 , -95.68
Sycamore 	 41.9889 , -88.6868 	 41.98361 , -88.69389
Tallahassee 	 30.4383 , -84.2807 	 30.438736111111 , -84.280633333333
Tamarasheni 	 42.25 , 43.9667 	 42.2507 , 43.9625
Tampa 	 27.9475 , -82.4584 	 27.970833333333 , -82.464722222222
Tarrant County 	 32.7668 , -97.3003 	 32.77 , -97.29
Tbilisi 	 41.725 , 44.7908 	 41.716666666667 , 44.783333333333
Tega Cay 	 35.0243 , -81.0279 	 35.037222222222 , -81.024722222222
Tehran 	 35.6719 , 51.4244 	 35.7 , 51.416666666667
Ten Mile 	 35.6667 , -84.6647 	 35.666 , -84.664
Tennessee 	 35.7503 , -86.2503 	 36.0 , -86.0
Tennessee Colony 	 31.8354 , -95.8389 	 31.8356 , -95.8389
Texas 	 31.2504 , -99.2506 	 31.0 , -100.0
Thackerville 	 33.7934 , -97.1431 	 33.79344 , -97.14307
Thurston 	 42.1772 , -96.7009 	 42.176666666667 , -96.700277777778
Tillsonburg 	 42.8501 , -80.733 	 42.866666666667 , -80.733333333333
Titus County 	 33.2335 , -94.9835 	 33.22 , -94.97
Toco 	 33.6548 , -95.6461 	 33.6553 , -95.6461
Tokyo 	 35.685 , 139.751 	 35.689722222222 , 139.69222222222
Toledo 	 41.6639 , -83.5552 	 41.666666666667 , -83.583333333333
Toronto 	 43.7001 , -79.4163 	 43.670277777778 , -79.386666666667
Torrington 	 41.8007 , -73.1212 	 41.835 , -73.011944444444
Tortola 	 18.45 , -64.6 	 18.416666666667 , -64.583333333333
Trenton 	 29.6133 , -82.8176 	 29.615 , -82.817777777778
Trenton 	 39.4809 , -84.4577 	 39.48167 , -84.45944
Twickenham 	 51.4333 , -0.316667 	 51.4486 , -0.3369
Twin Lakes 	 43.5597 , -93.423 	 43.559722222222 , -93.423055555556
Tyler 	 32.3513 , -95.3011 	 32.35 , -95.3
Union City 	 37.5958 , -122.019 	 37.596388888889 , -122.04833333333
United States 	 39.76 , -98.5 	 38.895 , -77.036666666667
Uplands 	 43.0334 , -81.2831 	 43.03740333 , -81.27107028
Ural Mountains 	 60 , 60 	 60.0 , 60.0
Urbana 	 40.1084 , -83.7524 	 40.1108 , -83.7514
Urbana 	 40.1106 , -88.2073 	 40.109722222222 , -88.204166666667
Utah 	 39.2502 , -111.751 	 39.5 , -111.5
Vancouver 	 49.2497 , -123.119 	 49.25 , -123.1
Vanderburgh County 	 38.0828 , -87.5506 	 38.02 , -87.58
Vermont 	 44.0003 , -72.7498 	 44.0 , -72.7
Vermont Lake 	 46.0805 , -95.3748 	 46.08194444 , -95.37305556
Virginia 	 37.5481 , -77.4467 	 37.5 , -79.0
Virginia Beach 	 36.8529 , -75.978 	 36.8506 , -75.9779
Volusia County 	 29.0836 , -81.2081 	 29.07 , -81.14
Waco 	 31.5493 , -97.1467 	 31.551388888889 , -97.155833333333
Waco 	 37.7426 , -84.1441 	 37.7425 , -84.1442
Wairoa 	 -39.0333 , 177.367 	 -39.032919 , 177.41847
Wakefield 	 42.2692 , -96.865 	 42.2675 , -96.8675
Walker County 	 30.7335 , -95.5669 	 30.74 , -95.57
Wallingford 	 41.457 , -72.8232 	 41.45704 , -72.82316
Walton County 	 33.7668 , -83.7332 	 33.78 , -83.74
Wamego 	 39.2019 , -96.305 	 39.2042 , -96.3083
Warren County 	 39.4334 , -84.1666 	 39.43 , -84.17
Washington County 	 41.3334 , -91.7168 	 41.334722222222 , -91.719722222222
Washington County 	 41.55 , -96.267 	 41.53 , -96.22
Waterbury 	 41.5582 , -73.0515 	 41.558333333333 , -73.036944444444
Watertown 	 44.9636 , -93.8472 	 44.96357 , -93.84719
Wayne 	 42.2306 , -97.0178 	 42.236111111111 , -97.016944444444
Wayne County 	 39.8178 , -84.9964 	 39.86 , -85.01
Weakley County 	 36.3001 , -88.8334 	 36.29 , -88.72
Webster County 	 37.2667 , -92.8668 	 37.28 , -92.87
West Allis 	 43.0167 , -88.007 	 43.058055555556 , -88.018333333333
West Bank 	 31.6667 , 35.25 	 31.66667 , 35.25
West Columbia 	 33.9935 , -81.074 	 33.991055555556 , -81.073166666667
Westfield 	 42.1251 , -72.7495 	 42.1250929 , -72.749538
Westmoreland County 	 40.6253 , -79.625 	 40.31 , -79.47
West Newton 	 42.3501 , -71.2328 	 42.35 , -71.233333333333
Weston 	 41.2009 , -73.3807 	 41.225555555556 , -73.370555555556
Weston 	 42.3668 , -71.3031 	 42.36676 , -71.30311
West Springfield 	 42.107 , -72.6204 	 42.106944444444 , -72.620833333333
West Stockbridge 	 42.3459 , -73.3662 	 42.34592 , -73.36622
West Virginia 	 38.5004 , -80.5001 	 39.0 , -80.5
Whitesboro 	 33.6562 , -96.9069 	 33.6597 , -96.9061
Whitestown 	 39.9973 , -86.3458 	 39.9961 , -86.3447
Whitlock 	 36.3709 , -88.357 	 36.3708 , -88.3569
Wichita 	 37.6922 , -97.3375 	 37.688888888889 , -97.336111111111
Wichita Falls 	 33.9137 , -98.4934 	 33.896944444444 , -98.515
Wilkin County 	 46.2505 , -96.467 	 46.36 , -96.47
Williamson County 	 35.9001 , -86.9 	 35.89 , -86.9
Williston 	 29.3875 , -82.4468 	 29.386944444444 , -82.446666666667
Winchester 	 40.172 , -84.9814 	 40.1731 , -84.9775
Windsor 	 41.8526 , -72.6437 	 41.8526 , -72.6437
Winfield 	 33.1673 , -95.1119 	 33.1661 , -95.1111
Winfield 	 41.1231 , -91.4413 	 41.1269 , -91.4375
Winona 	 44.05 , -91.6393 	 44.047888888889 , -91.640438888889
Winside 	 42.1764 , -97.175 	 42.176666666667 , -97.175833333333
Winsted 	 41.9212 , -73.0601 	 41.921111111111 , -73.06
Wintersville 	 40.3753 , -80.7037 	 40.37535 , -80.70369
Winthrop 	 42.3751 , -70.9828 	 42.375 , -70.983333333333
Wisconsin 	 44.5002 , -90.0004 	 44.5 , -89.5
Woodbridge 	 38.6582 , -77.2497 	 38.6436 , -77.2608
Woodbury 	 35.8276 , -86.0717 	 35.82757 , -86.07166
Wood County 	 39.2001 , -81.5012 	 39.21 , -81.51
Woodstock 	 43.1334 , -80.7497 	 43.130555555556 , -80.746666666667
Wooster 	 40.8051 , -81.9351 	 40.8092 , -81.9372
Worthington 	 43.62 , -95.5964 	 43.62 , -95.596388888889
Wyandotte County 	 39.1167 , -94.7169 	 39.063611111111 , -94.818611111111
Xenia 	 39.6848 , -83.9296 	 39.6836 , -83.9381
Yard 	 31.8616 , -95.9711 	 31.86527778 , -95.96694444
Yekaterinburg 	 56.8575 , 60.6125 	 56.833333333333 , 60.583333333333
Yellow Springs 	 39.8064 , -83.8869 	 39.801666666667 , -83.892777777778
York 	 53.9667 , -1.08333 	 53.95 , -1.0833333333333
York County 	 34.9835 , -81.1831 	 34.97 , -81.18
York County 	 37.2335 , -76.5497 	 37.22 , -76.44
Youngstown 	 41.0998 , -80.6495 	 41.096388888889 , -80.649166666667
Zion National Park 	 37.3 , -113.051 	 37.202619444444 , -112.98785
Zionsville 	 39.9509 , -86.2619 	 39.95087 , -86.26194
